segment_id,track_id,scene_block,start_frame,end_frame,frame_count,sample_images,team_id
1_0_206_529,1,0,206,529,315,1_0_206_529_frame_206.jpg;1_0_206_529_frame_371.jpg;1_0_206_529_frame_529.jpg,team_blue
2_0_1_406,2,0,1,406,404,2_0_1_406_frame_1.jpg;2_0_1_406_frame_204.jpg;2_0_1_406_frame_406.jpg,team_blue
3_0_1_421,3,0,1,421,413,3_0_1_421_frame_1.jpg;3_0_1_421_frame_214.jpg;3_0_1_421_frame_421.jpg,team_blue
4_0_1_232,4,0,1,232,225,4_0_1_232_frame_1.jpg;4_0_1_232_frame_113.jpg;4_0_1_232_frame_232.jpg,team_blue
5_0_1_138,5,0,1,138,137,5_0_1_138_frame_1.jpg;5_0_1_138_frame_69.jpg;5_0_1_138_frame_138.jpg,unknown
10_0_5_226,10,0,5,226,220,10_0_5_226_frame_5.jpg;10_0_5_226_frame_114.jpg;10_0_5_226_frame_226.jpg,team_blue
66_0_143_295,66,0,143,295,148,66_0_143_295_frame_143.jpg;66_0_143_295_frame_216.jpg;66_0_143_295_frame_295.jpg,team_white
66_0_326_529,66,0,326,529,204,66_0_326_529_frame_326.jpg;66_0_326_529_frame_427.jpg;66_0_326_529_frame_529.jpg,team_white
138_0_236_392,138,0,236,392,155,138_0_236_392_frame_236.jpg;138_0_236_392_frame_313.jpg;138_0_236_392_frame_392.jpg,team_blue
145_0_241_529,145,0,241,529,281,145_0_241_529_frame_241.jpg;145_0_241_529_frame_381.jpg;145_0_241_529_frame_529.jpg,unknown
145_0_640_1250,145,0,640,1250,595,145_0_640_1250_frame_640.jpg;145_0_640_1250_frame_953.jpg;145_0_640_1250_frame_1250.jpg,team_white
167_0_262_266,167,0,262,266,5,167_0_262_266_frame_262.jpg;167_0_262_266_frame_264.jpg;167_0_262_266_frame_266.jpg,unknown
179_0_430_494,179,0,430,494,51,179_0_430_494_frame_430.jpg;179_0_430_494_frame_455.jpg;179_0_430_494_frame_494.jpg,unknown
267_0_387_410,267,0,387,410,21,267_0_387_410_frame_387.jpg;267_0_387_410_frame_398.jpg;267_0_387_410_frame_410.jpg,unknown
280_0_404_529,280,0,404,529,126,280_0_404_529_frame_404.jpg;280_0_404_529_frame_466.jpg;280_0_404_529_frame_529.jpg,unknown
285_0_408_529,285,0,408,529,116,285_0_408_529_frame_408.jpg;285_0_408_529_frame_471.jpg;285_0_408_529_frame_529.jpg,team_blue
294_0_418_529,294,0,418,529,112,294_0_418_529_frame_418.jpg;294_0_418_529_frame_473.jpg;294_0_418_529_frame_529.jpg,team_white
352_0_513_529,352,0,513,529,9,352_0_513_529_frame_513.jpg;352_0_513_529_frame_520.jpg;352_0_513_529_frame_529.jpg,unknown
353_0_531_831,353,0,531,831,294,353_0_531_831_frame_531.jpg;353_0_531_831_frame_679.jpg;353_0_531_831_frame_831.jpg,team_blue
354_0_531_909,354,0,531,909,377,354_0_531_909_frame_531.jpg;354_0_531_909_frame_719.jpg;354_0_531_909_frame_909.jpg,team_white
355_0_531_877,355,0,531,877,346,355_0_531_877_frame_531.jpg;355_0_531_877_frame_703.jpg;355_0_531_877_frame_877.jpg,team_blue
355_0_892_924,355,0,892,924,33,355_0_892_924_frame_892.jpg;355_0_892_924_frame_908.jpg;355_0_892_924_frame_924.jpg,team_white
356_0_531_712,356,0,531,712,176,356_0_531_712_frame_531.jpg;356_0_531_712_frame_623.jpg;356_0_531_712_frame_712.jpg,team_white
357_0_531_891,357,0,531,891,360,357_0_531_891_frame_531.jpg;357_0_531_891_frame_711.jpg;357_0_531_891_frame_891.jpg,team_white
357_0_941_1214,357,0,941,1214,270,357_0_941_1214_frame_941.jpg;357_0_941_1214_frame_1075.jpg;357_0_941_1214_frame_1214.jpg,team_blue
362_0_695_735,362,0,695,735,41,362_0_695_735_frame_695.jpg;362_0_695_735_frame_715.jpg;362_0_695_735_frame_735.jpg,unknown
460_0_708_942,460,0,708,942,235,460_0_708_942_frame_708.jpg;460_0_708_942_frame_825.jpg;460_0_708_942_frame_942.jpg,team_blue
516_0_789_794,516,0,789,794,6,516_0_789_794_frame_789.jpg;516_0_789_794_frame_791.jpg;516_0_789_794_frame_794.jpg,team_blue
548_0_827_831,548,0,827,831,5,548_0_827_831_frame_827.jpg;548_0_827_831_frame_829.jpg;548_0_827_831_frame_831.jpg,unknown
549_0_828_862,549,0,828,862,25,549_0_828_862_frame_828.jpg;549_0_828_862_frame_841.jpg;549_0_828_862_frame_862.jpg,unknown
573_0_857_944,573,0,857,944,88,573_0_857_944_frame_857.jpg;573_0_857_944_frame_900.jpg;573_0_857_944_frame_944.jpg,unknown
584_0_1133_1381,584,0,1133,1381,240,584_0_1133_1381_frame_1133.jpg;584_0_1133_1381_frame_1253.jpg;584_0_1133_1381_frame_1381.jpg,unknown
586_0_925_939,586,0,925,939,10,586_0_925_939_frame_925.jpg;586_0_925_939_frame_929.jpg;586_0_925_939_frame_939.jpg,team_white
589_0_891_927,589,0,891,927,37,589_0_891_927_frame_891.jpg;589_0_891_927_frame_909.jpg;589_0_891_927_frame_927.jpg,unknown
594_0_914_1186,594,0,914,1186,272,594_0_914_1186_frame_914.jpg;594_0_914_1186_frame_1050.jpg;594_0_914_1186_frame_1186.jpg,unknown
602_0_929_1087,602,0,929,1087,157,602_0_929_1087_frame_929.jpg;602_0_929_1087_frame_1007.jpg;602_0_929_1087_frame_1087.jpg,team_blue
616_0_947_1143,616,0,947,1143,196,616_0_947_1143_frame_947.jpg;616_0_947_1143_frame_1044.jpg;616_0_947_1143_frame_1143.jpg,team_white
617_0_947_952,617,0,947,952,6,617_0_947_952_frame_947.jpg;617_0_947_952_frame_949.jpg;617_0_947_952_frame_952.jpg,team_white
626_0_954_1243,626,0,954,1243,289,626_0_954_1243_frame_954.jpg;626_0_954_1243_frame_1098.jpg;626_0_954_1243_frame_1243.jpg,team_blue
632_0_960_967,632,0,960,967,8,632_0_960_967_frame_960.jpg;632_0_960_967_frame_963.jpg;632_0_960_967_frame_967.jpg,unknown
718_0_1088_1120,718,0,1088,1120,25,718_0_1088_1120_frame_1088.jpg;718_0_1088_1120_frame_1108.jpg;718_0_1088_1120_frame_1120.jpg,team_blue
718_0_1142_1250,718,0,1142,1250,109,718_0_1142_1250_frame_1142.jpg;718_0_1142_1250_frame_1196.jpg;718_0_1142_1250_frame_1250.jpg,team_blue
721_0_1092_1104,721,0,1092,1104,13,721_0_1092_1104_frame_1092.jpg;721_0_1092_1104_frame_1098.jpg;721_0_1092_1104_frame_1104.jpg,team_blue
748_0_1149_1239,748,0,1149,1239,85,748_0_1149_1239_frame_1149.jpg;748_0_1149_1239_frame_1197.jpg;748_0_1149_1239_frame_1239.jpg,team_white
796_0_1209_1219,796,0,1209,1219,5,796_0_1209_1219_frame_1209.jpg;796_0_1209_1219_frame_1211.jpg;796_0_1209_1219_frame_1219.jpg,team_blue
796_0_1240_1250,796,0,1240,1250,11,796_0_1240_1250_frame_1240.jpg;796_0_1240_1250_frame_1245.jpg;796_0_1240_1250_frame_1250.jpg,team_white
796_0_1320_1325,796,0,1320,1325,6,796_0_1320_1325_frame_1320.jpg;796_0_1320_1325_frame_1322.jpg;796_0_1320_1325_frame_1325.jpg,unknown
799_0_1217_1250,799,0,1217,1250,34,799_0_1217_1250_frame_1217.jpg;799_0_1217_1250_frame_1233.jpg;799_0_1217_1250_frame_1250.jpg,team_white
811_0_1237_1250,811,0,1237,1250,6,811_0_1237_1250_frame_1237.jpg;811_0_1237_1250_frame_1247.jpg;811_0_1237_1250_frame_1250.jpg,team_blue
812_0_1236_1245,812,0,1236,1245,9,812_0_1236_1245_frame_1236.jpg;812_0_1236_1245_frame_1241.jpg;812_0_1236_1245_frame_1245.jpg,team_blue
819_0_1290_1542,819,0,1290,1542,251,819_0_1290_1542_frame_1290.jpg;819_0_1290_1542_frame_1417.jpg;819_0_1290_1542_frame_1542.jpg,team_blue
819_0_1557_1565,819,0,1557,1565,6,819_0_1557_1565_frame_1557.jpg;819_0_1557_1565_frame_1559.jpg;819_0_1557_1565_frame_1565.jpg,unknown
820_0_1252_2620,820,0,1252,2620,1357,820_0_1252_2620_frame_1252.jpg;820_0_1252_2620_frame_1938.jpg;820_0_1252_2620_frame_2620.jpg,team_white
821_0_1252_1406,821,0,1252,1406,153,821_0_1252_1406_frame_1252.jpg;821_0_1252_1406_frame_1328.jpg;821_0_1252_1406_frame_1406.jpg,unknown
822_0_1252_1351,822,0,1252,1351,100,822_0_1252_1351_frame_1252.jpg;822_0_1252_1351_frame_1301.jpg;822_0_1252_1351_frame_1351.jpg,team_blue
823_0_1252_1413,823,0,1252,1413,162,823_0_1252_1413_frame_1252.jpg;823_0_1252_1413_frame_1332.jpg;823_0_1252_1413_frame_1413.jpg,team_white
835_0_1319_1323,835,0,1319,1323,5,835_0_1319_1323_frame_1319.jpg;835_0_1319_1323_frame_1321.jpg;835_0_1319_1323_frame_1323.jpg,unknown
839_0_1322_1327,839,0,1322,1327,6,839_0_1322_1327_frame_1322.jpg;839_0_1322_1327_frame_1324.jpg;839_0_1322_1327_frame_1327.jpg,unknown
854_0_1353_1391,854,0,1353,1391,37,854_0_1353_1391_frame_1353.jpg;854_0_1353_1391_frame_1371.jpg;854_0_1353_1391_frame_1391.jpg,unknown
854_0_1414_1472,854,0,1414,1472,59,854_0_1414_1472_frame_1414.jpg;854_0_1414_1472_frame_1443.jpg;854_0_1414_1472_frame_1472.jpg,team_white
854_0_1521_1529,854,0,1521,1529,9,854_0_1521_1529_frame_1521.jpg;854_0_1521_1529_frame_1525.jpg;854_0_1521_1529_frame_1529.jpg,team_blue
857_0_1363_1809,857,0,1363,1809,438,857_0_1363_1809_frame_1363.jpg;857_0_1363_1809_frame_1581.jpg;857_0_1363_1809_frame_1809.jpg,team_blue
858_0_1363_1375,858,0,1363,1375,8,858_0_1363_1375_frame_1363.jpg;858_0_1363_1375_frame_1366.jpg;858_0_1363_1375_frame_1375.jpg,unknown
897_0_1406_1993,897,0,1406,1993,579,897_0_1406_1993_frame_1406.jpg;897_0_1406_1993_frame_1695.jpg;897_0_1406_1993_frame_1993.jpg,unknown
897_0_2005_2037,897,0,2005,2037,33,897_0_2005_2037_frame_2005.jpg;897_0_2005_2037_frame_2021.jpg;897_0_2005_2037_frame_2037.jpg,team_white
904_0_1409_1461,904,0,1409,1461,51,904_0_1409_1461_frame_1409.jpg;904_0_1409_1461_frame_1434.jpg;904_0_1409_1461_frame_1461.jpg,team_blue
934_0_1453_1461,934,0,1453,1461,7,934_0_1453_1461_frame_1453.jpg;934_0_1453_1461_frame_1456.jpg;934_0_1453_1461_frame_1461.jpg,unknown
934_0_1476_1734,934,0,1476,1734,244,934_0_1476_1734_frame_1476.jpg;934_0_1476_1734_frame_1612.jpg;934_0_1476_1734_frame_1734.jpg,team_blue
935_0_1454_1512,935,0,1454,1512,54,935_0_1454_1512_frame_1454.jpg;935_0_1454_1512_frame_1483.jpg;935_0_1454_1512_frame_1512.jpg,unknown
957_0_1511_1520,957,0,1511,1520,10,957_0_1511_1520_frame_1511.jpg;957_0_1511_1520_frame_1515.jpg;957_0_1511_1520_frame_1520.jpg,team_blue
968_0_1522_1601,968,0,1522,1601,80,968_0_1522_1601_frame_1522.jpg;968_0_1522_1601_frame_1561.jpg;968_0_1522_1601_frame_1601.jpg,team_blue
968_0_1671_1719,968,0,1671,1719,49,968_0_1671_1719_frame_1671.jpg;968_0_1671_1719_frame_1695.jpg;968_0_1671_1719_frame_1719.jpg,team_blue
998_0_1547_1555,998,0,1547,1555,9,998_0_1547_1555_frame_1547.jpg;998_0_1547_1555_frame_1551.jpg;998_0_1547_1555_frame_1555.jpg,unknown
1008_0_1564_1818,1008,0,1564,1818,253,1008_0_1564_1818_frame_1564.jpg;1008_0_1564_1818_frame_1692.jpg;1008_0_1564_1818_frame_1818.jpg,team_white
1096_0_1719_1849,1096,0,1719,1849,131,1096_0_1719_1849_frame_1719.jpg;1096_0_1719_1849_frame_1784.jpg;1096_0_1719_1849_frame_1849.jpg,team_white
1096_0_1863_1883,1096,0,1863,1883,21,1096_0_1863_1883_frame_1863.jpg;1096_0_1863_1883_frame_1873.jpg;1096_0_1863_1883_frame_1883.jpg,team_white
1096_0_1896_1911,1096,0,1896,1911,16,1096_0_1896_1911_frame_1896.jpg;1096_0_1896_1911_frame_1903.jpg;1096_0_1896_1911_frame_1911.jpg,team_white
1109_0_1736_1741,1109,0,1736,1741,5,1109_0_1736_1741_frame_1736.jpg;1109_0_1736_1741_frame_1738.jpg;1109_0_1736_1741_frame_1741.jpg,team_white
1113_0_1739_2562,1113,0,1739,2562,814,1113_0_1739_2562_frame_1739.jpg;1113_0_1739_2562_frame_2146.jpg;1113_0_1739_2562_frame_2562.jpg,unknown
1113_0_2600_2607,1113,0,2600,2607,8,1113_0_2600_2607_frame_2600.jpg;1113_0_2600_2607_frame_2603.jpg;1113_0_2600_2607_frame_2607.jpg,team_blue
1129_0_1792_1796,1129,0,1792,1796,5,1129_0_1792_1796_frame_1792.jpg;1129_0_1792_1796_frame_1794.jpg;1129_0_1792_1796_frame_1796.jpg,unknown
1129_0_1843_1868,1129,0,1843,1868,19,1129_0_1843_1868_frame_1843.jpg;1129_0_1843_1868_frame_1857.jpg;1129_0_1843_1868_frame_1868.jpg,unknown
1129_0_2120_2204,1129,0,2120,2204,83,1129_0_2120_2204_frame_2120.jpg;1129_0_2120_2204_frame_2161.jpg;1129_0_2120_2204_frame_2204.jpg,unknown
1160_0_1808_1839,1160,0,1808,1839,32,1160_0_1808_1839_frame_1808.jpg;1160_0_1808_1839_frame_1823.jpg;1160_0_1808_1839_frame_1839.jpg,unknown
1169_0_1831_1837,1169,0,1831,1837,7,1169_0_1831_1837_frame_1831.jpg;1169_0_1831_1837_frame_1834.jpg;1169_0_1831_1837_frame_1837.jpg,team_blue
1172_0_1844_1862,1172,0,1844,1862,19,1172_0_1844_1862_frame_1844.jpg;1172_0_1844_1862_frame_1853.jpg;1172_0_1844_1862_frame_1862.jpg,team_blue
1172_0_1882_2423,1172,0,1882,2423,527,1172_0_1882_2423_frame_1882.jpg;1172_0_1882_2423_frame_2152.jpg;1172_0_1882_2423_frame_2423.jpg,team_blue
1172_0_2448_2620,1172,0,2448,2620,173,1172_0_2448_2620_frame_2448.jpg;1172_0_2448_2620_frame_2534.jpg;1172_0_2448_2620_frame_2620.jpg,team_blue
1174_0_1845_1977,1174,0,1845,1977,131,1174_0_1845_1977_frame_1845.jpg;1174_0_1845_1977_frame_1910.jpg;1174_0_1845_1977_frame_1977.jpg,team_blue
1188_0_1869_1898,1188,0,1869,1898,27,1188_0_1869_1898_frame_1869.jpg;1188_0_1869_1898_frame_1885.jpg;1188_0_1869_1898_frame_1898.jpg,team_blue
1228_0_1916_1965,1228,0,1916,1965,50,1228_0_1916_1965_frame_1916.jpg;1228_0_1916_1965_frame_1940.jpg;1228_0_1916_1965_frame_1965.jpg,team_white
1248_0_1941_1983,1248,0,1941,1983,43,1248_0_1941_1983_frame_1941.jpg;1248_0_1941_1983_frame_1962.jpg;1248_0_1941_1983_frame_1983.jpg,unknown
1248_0_2042_2059,1248,0,2042,2059,17,1248_0_2042_2059_frame_2042.jpg;1248_0_2042_2059_frame_2050.jpg;1248_0_2042_2059_frame_2059.jpg,team_blue
1248_0_2077_2123,1248,0,2077,2123,47,1248_0_2077_2123_frame_2077.jpg;1248_0_2077_2123_frame_2100.jpg;1248_0_2077_2123_frame_2123.jpg,team_blue
1266_0_1971_2042,1266,0,1971,2042,56,1266_0_1971_2042_frame_1971.jpg;1266_0_1971_2042_frame_2002.jpg;1266_0_1971_2042_frame_2042.jpg,team_blue
1280_0_1999_2005,1280,0,1999,2005,7,1280_0_1999_2005_frame_1999.jpg;1280_0_1999_2005_frame_2002.jpg;1280_0_1999_2005_frame_2005.jpg,team_white
1280_0_2061_2067,1280,0,2061,2067,7,1280_0_2061_2067_frame_2061.jpg;1280_0_2061_2067_frame_2064.jpg;1280_0_2061_2067_frame_2067.jpg,unknown
1282_0_1997_2006,1282,0,1997,2006,5,1282_0_1997_2006_frame_1997.jpg;1282_0_1997_2006_frame_1999.jpg;1282_0_1997_2006_frame_2006.jpg,unknown
1288_0_2015_2064,1288,0,2015,2064,47,1288_0_2015_2064_frame_2015.jpg;1288_0_2015_2064_frame_2041.jpg;1288_0_2015_2064_frame_2064.jpg,unknown
1299_0_2033_2043,1299,0,2033,2043,11,1299_0_2033_2043_frame_2033.jpg;1299_0_2033_2043_frame_2038.jpg;1299_0_2033_2043_frame_2043.jpg,team_blue
1307_0_2044_2275,1307,0,2044,2275,224,1307_0_2044_2275_frame_2044.jpg;1307_0_2044_2275_frame_2157.jpg;1307_0_2044_2275_frame_2275.jpg,team_white
1311_0_2053_2185,1311,0,2053,2185,124,1311_0_2053_2185_frame_2053.jpg;1311_0_2053_2185_frame_2123.jpg;1311_0_2053_2185_frame_2185.jpg,
1327_0_2082_2087,1327,0,2082,2087,6,1327_0_2082_2087_frame_2082.jpg;1327_0_2082_2087_frame_2084.jpg;1327_0_2082_2087_frame_2087.jpg,
1345_0_2107_2112,1345,0,2107,2112,6,1345_0_2107_2112_frame_2107.jpg;1345_0_2107_2112_frame_2109.jpg;1345_0_2107_2112_frame_2112.jpg,
1358_0_2125_2241,1358,0,2125,2241,117,1358_0_2125_2241_frame_2125.jpg;1358_0_2125_2241_frame_2183.jpg;1358_0_2125_2241_frame_2241.jpg,
1398_0_2191_2620,1398,0,2191,2620,429,1398_0_2191_2620_frame_2191.jpg;1398_0_2191_2620_frame_2406.jpg;1398_0_2191_2620_frame_2620.jpg,
1424_0_2253_2339,1424,0,2253,2339,87,1424_0_2253_2339_frame_2253.jpg;1424_0_2253_2339_frame_2296.jpg;1424_0_2253_2339_frame_2339.jpg,
1431_0_2278_2402,1431,0,2278,2402,121,1431_0_2278_2402_frame_2278.jpg;1431_0_2278_2402_frame_2340.jpg;1431_0_2278_2402_frame_2402.jpg,
1448_0_2311_2321,1448,0,2311,2321,9,1448_0_2311_2321_frame_2311.jpg;1448_0_2311_2321_frame_2317.jpg;1448_0_2311_2321_frame_2321.jpg,
1472_0_2341_2381,1472,0,2341,2381,35,1472_0_2341_2381_frame_2341.jpg;1472_0_2341_2381_frame_2358.jpg;1472_0_2341_2381_frame_2381.jpg,
1497_0_2374_2608,1497,0,2374,2608,231,1497_0_2374_2608_frame_2374.jpg;1497_0_2374_2608_frame_2493.jpg;1497_0_2374_2608_frame_2608.jpg,
1497_0_2621_2896,1497,0,2621,2896,276,1497_0_2621_2896_frame_2621.jpg;1497_0_2621_2896_frame_2758.jpg;1497_0_2621_2896_frame_2896.jpg,
1498_0_2375_2387,1498,0,2375,2387,13,1498_0_2375_2387_frame_2375.jpg;1498_0_2375_2387_frame_2381.jpg;1498_0_2375_2387_frame_2387.jpg,
1502_0_2375_2381,1502,0,2375,2381,7,1502_0_2375_2381_frame_2375.jpg;1502_0_2375_2381_frame_2378.jpg;1502_0_2375_2381_frame_2381.jpg,
1513_0_2402_2514,1513,0,2402,2514,109,1513_0_2402_2514_frame_2402.jpg;1513_0_2402_2514_frame_2456.jpg;1513_0_2402_2514_frame_2514.jpg,
1570_0_2601_2620,1570,0,2601,2620,20,1570_0_2601_2620_frame_2601.jpg;1570_0_2601_2620_frame_2610.jpg;1570_0_2601_2620_frame_2620.jpg,
1579_0_2534_2620,1579,0,2534,2620,87,1579_0_2534_2620_frame_2534.jpg;1579_0_2534_2620_frame_2577.jpg;1579_0_2534_2620_frame_2620.jpg,
1582_0_2498_2503,1582,0,2498,2503,6,1582_0_2498_2503_frame_2498.jpg;1582_0_2498_2503_frame_2500.jpg;1582_0_2498_2503_frame_2503.jpg,
1645_0_2540_2570,1645,0,2540,2570,25,1645_0_2540_2570_frame_2540.jpg;1645_0_2540_2570_frame_2557.jpg;1645_0_2540_2570_frame_2570.jpg,
1645_0_2581_2589,1645,0,2581,2589,8,1645_0_2581_2589_frame_2581.jpg;1645_0_2581_2589_frame_2584.jpg;1645_0_2581_2589_frame_2589.jpg,
1648_0_2567_2577,1648,0,2567,2577,11,1648_0_2567_2577_frame_2567.jpg;1648_0_2567_2577_frame_2572.jpg;1648_0_2567_2577_frame_2577.jpg,
1653_0_2563_2575,1653,0,2563,2575,13,1653_0_2563_2575_frame_2563.jpg;1653_0_2563_2575_frame_2569.jpg;1653_0_2563_2575_frame_2575.jpg,
1654_0_2564_2577,1654,0,2564,2577,14,1654_0_2564_2577_frame_2564.jpg;1654_0_2564_2577_frame_2570.jpg;1654_0_2564_2577_frame_2577.jpg,
1656_0_2579_2620,1656,0,2579,2620,36,1656_0_2579_2620_frame_2579.jpg;1656_0_2579_2620_frame_2602.jpg;1656_0_2579_2620_frame_2620.jpg,
1656_0_2659_2676,1656,0,2659,2676,18,1656_0_2659_2676_frame_2659.jpg;1656_0_2659_2676_frame_2667.jpg;1656_0_2659_2676_frame_2676.jpg,
1658_0_2584_2620,1658,0,2584,2620,29,1658_0_2584_2620_frame_2584.jpg;1658_0_2584_2620_frame_2599.jpg;1658_0_2584_2620_frame_2620.jpg,
1658_0_2717_2915,1658,0,2717,2915,199,1658_0_2717_2915_frame_2717.jpg;1658_0_2717_2915_frame_2816.jpg;1658_0_2717_2915_frame_2915.jpg,
1658_0_2968_3008,1658,0,2968,3008,41,1658_0_2968_3008_frame_2968.jpg;1658_0_2968_3008_frame_2988.jpg;1658_0_2968_3008_frame_3008.jpg,
1659_0_2588_2593,1659,0,2588,2593,6,1659_0_2588_2593_frame_2588.jpg;1659_0_2588_2593_frame_2590.jpg;1659_0_2588_2593_frame_2593.jpg,
1670_0_2609_2636,1670,0,2609,2636,26,1670_0_2609_2636_frame_2609.jpg;1670_0_2609_2636_frame_2623.jpg;1670_0_2609_2636_frame_2636.jpg,
1681_0_2622_2717,1681,0,2622,2717,96,1681_0_2622_2717_frame_2622.jpg;1681_0_2622_2717_frame_2669.jpg;1681_0_2622_2717_frame_2717.jpg,
1682_0_2622_2878,1682,0,2622,2878,257,1682_0_2622_2878_frame_2622.jpg;1682_0_2622_2878_frame_2750.jpg;1682_0_2622_2878_frame_2878.jpg,
1682_0_2890_2976,1682,0,2890,2976,87,1682_0_2890_2976_frame_2890.jpg;1682_0_2890_2976_frame_2933.jpg;1682_0_2890_2976_frame_2976.jpg,
1683_0_2622_2627,1683,0,2622,2627,6,1683_0_2622_2627_frame_2622.jpg;1683_0_2622_2627_frame_2624.jpg;1683_0_2622_2627_frame_2627.jpg,
1684_0_2622_2688,1684,0,2622,2688,66,1684_0_2622_2688_frame_2622.jpg;1684_0_2622_2688_frame_2654.jpg;1684_0_2622_2688_frame_2688.jpg,
1687_0_2738_2770,1687,0,2738,2770,33,1687_0_2738_2770_frame_2738.jpg;1687_0_2738_2770_frame_2754.jpg;1687_0_2738_2770_frame_2770.jpg,
1693_0_2629_2658,1693,0,2629,2658,30,1693_0_2629_2658_frame_2629.jpg;1693_0_2629_2658_frame_2643.jpg;1693_0_2629_2658_frame_2658.jpg,
1702_0_2638_2778,1702,0,2638,2778,141,1702_0_2638_2778_frame_2638.jpg;1702_0_2638_2778_frame_2708.jpg;1702_0_2638_2778_frame_2778.jpg,
1724_0_2676_2716,1724,0,2676,2716,40,1724_0_2676_2716_frame_2676.jpg;1724_0_2676_2716_frame_2696.jpg;1724_0_2676_2716_frame_2716.jpg,
1736_0_2696_2782,1736,0,2696,2782,71,1736_0_2696_2782_frame_2696.jpg;1736_0_2696_2782_frame_2732.jpg;1736_0_2696_2782_frame_2782.jpg,
1758_0_2731_3065,1758,0,2731,3065,325,1758_0_2731_3065_frame_2731.jpg;1758_0_2731_3065_frame_2903.jpg;1758_0_2731_3065_frame_3065.jpg,
1793_0_2776_3065,1793,0,2776,3065,290,1793_0_2776_3065_frame_2776.jpg;1793_0_2776_3065_frame_2920.jpg;1793_0_2776_3065_frame_3065.jpg,
1800_0_2782_2821,1800,0,2782,2821,40,1800_0_2782_2821_frame_2782.jpg;1800_0_2782_2821_frame_2801.jpg;1800_0_2782_2821_frame_2821.jpg,
1840_0_2834_2891,1840,0,2834,2891,52,1840_0_2834_2891_frame_2834.jpg;1840_0_2834_2891_frame_2865.jpg;1840_0_2834_2891_frame_2891.jpg,
1844_0_2836_2845,1844,0,2836,2845,6,1844_0_2836_2845_frame_2836.jpg;1844_0_2836_2845_frame_2842.jpg;1844_0_2836_2845_frame_2845.jpg,
1858_0_3014_3029,1858,0,3014,3029,16,1858_0_3014_3029_frame_3014.jpg;1858_0_3014_3029_frame_3021.jpg;1858_0_3014_3029_frame_3029.jpg,
1867_0_2864_2868,1867,0,2864,2868,5,1867_0_2864_2868_frame_2864.jpg;1867_0_2864_2868_frame_2866.jpg;1867_0_2864_2868_frame_2868.jpg,
1884_0_2881_3024,1884,0,2881,3024,132,1884_0_2881_3024_frame_2881.jpg;1884_0_2881_3024_frame_2958.jpg;1884_0_2881_3024_frame_3024.jpg,
1916_0_2911_2964,1916,0,2911,2964,54,1916_0_2911_2964_frame_2911.jpg;1916_0_2911_2964_frame_2937.jpg;1916_0_2911_2964_frame_2964.jpg,
1934_0_2962_3037,1934,0,2962,3037,76,1934_0_2962_3037_frame_2962.jpg;1934_0_2962_3037_frame_2999.jpg;1934_0_2962_3037_frame_3037.jpg,
1957_0_3004_3008,1957,0,3004,3008,5,1957_0_3004_3008_frame_3004.jpg;1957_0_3004_3008_frame_3006.jpg;1957_0_3004_3008_frame_3008.jpg,
1957_0_3025_3058,1957,0,3025,3058,21,1957_0_3025_3058_frame_3025.jpg;1957_0_3025_3058_frame_3040.jpg;1957_0_3025_3058_frame_3058.jpg,
1964_0_3019_3030,1964,0,3019,3030,10,1964_0_3019_3030_frame_3019.jpg;1964_0_3019_3030_frame_3025.jpg;1964_0_3019_3030_frame_3030.jpg,
1964_0_3049_3064,1964,0,3049,3064,14,1964_0_3049_3064_frame_3049.jpg;1964_0_3049_3064_frame_3057.jpg;1964_0_3049_3064_frame_3064.jpg,
1972_0_3049_3055,1972,0,3049,3055,7,1972_0_3049_3055_frame_3049.jpg;1972_0_3049_3055_frame_3052.jpg;1972_0_3049_3055_frame_3055.jpg,
1975_0_3027_3065,1975,0,3027,3065,37,1975_0_3027_3065_frame_3027.jpg;1975_0_3027_3065_frame_3047.jpg;1975_0_3027_3065_frame_3065.jpg,
1980_0_3030_3034,1980,0,3030,3034,5,1980_0_3030_3034_frame_3030.jpg;1980_0_3030_3034_frame_3032.jpg;1980_0_3030_3034_frame_3034.jpg,
1983_0_3032_3065,1983,0,3032,3065,34,1983_0_3032_3065_frame_3032.jpg;1983_0_3032_3065_frame_3048.jpg;1983_0_3032_3065_frame_3065.jpg,
1997_0_3045_3065,1997,0,3045,3065,21,1997_0_3045_3065_frame_3045.jpg;1997_0_3045_3065_frame_3055.jpg;1997_0_3045_3065_frame_3065.jpg,
2012_0_3067_3307,2012,0,3067,3307,231,2012_0_3067_3307_frame_3067.jpg;2012_0_3067_3307_frame_3192.jpg;2012_0_3067_3307_frame_3307.jpg,
2013_0_3067_3073,2013,0,3067,3073,7,2013_0_3067_3073_frame_3067.jpg;2013_0_3067_3073_frame_3070.jpg;2013_0_3067_3073_frame_3073.jpg,
2013_0_3137_3314,2013,0,3137,3314,172,2013_0_3137_3314_frame_3137.jpg;2013_0_3137_3314_frame_3228.jpg;2013_0_3137_3314_frame_3314.jpg,
2014_0_3067_3425,2014,0,3067,3425,358,2014_0_3067_3425_frame_3067.jpg;2014_0_3067_3425_frame_3245.jpg;2014_0_3067_3425_frame_3425.jpg,
2015_0_3067_3235,2015,0,3067,3235,158,2015_0_3067_3235_frame_3067.jpg;2015_0_3067_3235_frame_3156.jpg;2015_0_3067_3235_frame_3235.jpg,
2016_0_3067_3238,2016,0,3067,3238,172,2016_0_3067_3238_frame_3067.jpg;2016_0_3067_3238_frame_3152.jpg;2016_0_3067_3238_frame_3238.jpg,
2017_0_3067_3174,2017,0,3067,3174,108,2017_0_3067_3174_frame_3067.jpg;2017_0_3067_3174_frame_3120.jpg;2017_0_3067_3174_frame_3174.jpg,
2038_0_3087_3096,2038,0,3087,3096,8,2038_0_3087_3096_frame_3087.jpg;2038_0_3087_3096_frame_3090.jpg;2038_0_3087_3096_frame_3096.jpg,
2039_0_3088_3097,2039,0,3088,3097,10,2039_0_3088_3097_frame_3088.jpg;2039_0_3088_3097_frame_3092.jpg;2039_0_3088_3097_frame_3097.jpg,
2041_0_3092_3110,2041,0,3092,3110,16,2041_0_3092_3110_frame_3092.jpg;2041_0_3092_3110_frame_3099.jpg;2041_0_3092_3110_frame_3110.jpg,
2056_0_3122_3152,2056,0,3122,3152,22,2056_0_3122_3152_frame_3122.jpg;2056_0_3122_3152_frame_3132.jpg;2056_0_3122_3152_frame_3152.jpg,
2058_0_3122_3130,2058,0,3122,3130,8,2058_0_3122_3130_frame_3122.jpg;2058_0_3122_3130_frame_3125.jpg;2058_0_3122_3130_frame_3130.jpg,
2072_0_3134_3157,2072,0,3134,3157,18,2072_0_3134_3157_frame_3134.jpg;2072_0_3134_3157_frame_3148.jpg;2072_0_3134_3157_frame_3157.jpg,
2083_0_3158_3167,2083,0,3158,3167,10,2083_0_3158_3167_frame_3158.jpg;2083_0_3158_3167_frame_3162.jpg;2083_0_3158_3167_frame_3167.jpg,
2083_0_3243_3593,2083,0,3243,3593,347,2083_0_3243_3593_frame_3243.jpg;2083_0_3243_3593_frame_3420.jpg;2083_0_3243_3593_frame_3593.jpg,
2102_0_3236_3593,2102,0,3236,3593,358,2102_0_3236_3593_frame_3236.jpg;2102_0_3236_3593_frame_3414.jpg;2102_0_3236_3593_frame_3593.jpg,
2107_0_3182_3439,2107,0,3182,3439,258,2107_0_3182_3439_frame_3182.jpg;2107_0_3182_3439_frame_3310.jpg;2107_0_3182_3439_frame_3439.jpg,
2204_0_3301_3370,2204,0,3301,3370,65,2204_0_3301_3370_frame_3301.jpg;2204_0_3301_3370_frame_3338.jpg;2204_0_3301_3370_frame_3370.jpg,
2214_0_3310_3593,2214,0,3310,3593,281,2214_0_3310_3593_frame_3310.jpg;2214_0_3310_3593_frame_3453.jpg;2214_0_3310_3593_frame_3593.jpg,
2268_0_3422_3430,2268,0,3422,3430,8,2268_0_3422_3430_frame_3422.jpg;2268_0_3422_3430_frame_3425.jpg;2268_0_3422_3430_frame_3430.jpg,
2280_0_3404_3419,2280,0,3404,3419,15,2280_0_3404_3419_frame_3404.jpg;2280_0_3404_3419_frame_3412.jpg;2280_0_3404_3419_frame_3419.jpg,
2296_0_3427_3593,2296,0,3427,3593,165,2296_0_3427_3593_frame_3427.jpg;2296_0_3427_3593_frame_3509.jpg;2296_0_3427_3593_frame_3593.jpg,
2299_0_3430_3500,2299,0,3430,3500,71,2299_0_3430_3500_frame_3430.jpg;2299_0_3430_3500_frame_3465.jpg;2299_0_3430_3500_frame_3500.jpg,
2317_0_3444_3581,2317,0,3444,3581,138,2317_0_3444_3581_frame_3444.jpg;2317_0_3444_3581_frame_3512.jpg;2317_0_3444_3581_frame_3581.jpg,
2381_0_3517_3593,2381,0,3517,3593,76,2381_0_3517_3593_frame_3517.jpg;2381_0_3517_3593_frame_3555.jpg;2381_0_3517_3593_frame_3593.jpg,
2430_0_3588_3593,2430,0,3588,3593,6,2430_0_3588_3593_frame_3588.jpg;2430_0_3588_3593_frame_3590.jpg;2430_0_3588_3593_frame_3593.jpg,
2433_0_3595_4034,2433,0,3595,4034,440,2433_0_3595_4034_frame_3595.jpg;2433_0_3595_4034_frame_3814.jpg;2433_0_3595_4034_frame_4034.jpg,
2434_0_3595_3706,2434,0,3595,3706,108,2434_0_3595_3706_frame_3595.jpg;2434_0_3595_3706_frame_3648.jpg;2434_0_3595_3706_frame_3706.jpg,
2435_0_3595_3972,2435,0,3595,3972,378,2435_0_3595_3972_frame_3595.jpg;2435_0_3595_3972_frame_3783.jpg;2435_0_3595_3972_frame_3972.jpg,
2436_0_3595_3659,2436,0,3595,3659,65,2436_0_3595_3659_frame_3595.jpg;2436_0_3595_3659_frame_3627.jpg;2436_0_3595_3659_frame_3659.jpg,
2436_0_3681_3716,2436,0,3681,3716,34,2436_0_3681_3716_frame_3681.jpg;2436_0_3681_3716_frame_3698.jpg;2436_0_3681_3716_frame_3716.jpg,
2437_0_3595_3970,2437,0,3595,3970,369,2437_0_3595_3970_frame_3595.jpg;2437_0_3595_3970_frame_3785.jpg;2437_0_3595_3970_frame_3970.jpg,
2437_0_3995_4034,2437,0,3995,4034,40,2437_0_3995_4034_frame_3995.jpg;2437_0_3995_4034_frame_4014.jpg;2437_0_3995_4034_frame_4034.jpg,
2438_0_3595_3720,2438,0,3595,3720,122,2438_0_3595_3720_frame_3595.jpg;2438_0_3595_3720_frame_3656.jpg;2438_0_3595_3720_frame_3720.jpg,
2441_0_3606_3613,2441,0,3606,3613,5,2441_0_3606_3613_frame_3606.jpg;2441_0_3606_3613_frame_3610.jpg;2441_0_3606_3613_frame_3613.jpg,
2459_0_3656_3682,2459,0,3656,3682,27,2459_0_3656_3682_frame_3656.jpg;2459_0_3656_3682_frame_3669.jpg;2459_0_3656_3682_frame_3682.jpg,
2467_0_3672_3864,2467,0,3672,3864,190,2467_0_3672_3864_frame_3672.jpg;2467_0_3672_3864_frame_3768.jpg;2467_0_3672_3864_frame_3864.jpg,
2478_0_3696_3743,2478,0,3696,3743,43,2478_0_3696_3743_frame_3696.jpg;2478_0_3696_3743_frame_3722.jpg;2478_0_3696_3743_frame_3743.jpg,
2491_0_3722_4009,2491,0,3722,4009,280,2491_0_3722_4009_frame_3722.jpg;2491_0_3722_4009_frame_3868.jpg;2491_0_3722_4009_frame_4009.jpg,
2501_0_3747_3769,2501,0,3747,3769,23,2501_0_3747_3769_frame_3747.jpg;2501_0_3747_3769_frame_3758.jpg;2501_0_3747_3769_frame_3769.jpg,
2504_0_3752_3890,2504,0,3752,3890,135,2504_0_3752_3890_frame_3752.jpg;2504_0_3752_3890_frame_3819.jpg;2504_0_3752_3890_frame_3890.jpg,
2506_0_3765_3770,2506,0,3765,3770,6,2506_0_3765_3770_frame_3765.jpg;2506_0_3765_3770_frame_3767.jpg;2506_0_3765_3770_frame_3770.jpg,
2591_0_3870_4034,2591,0,3870,4034,161,2591_0_3870_4034_frame_3870.jpg;2591_0_3870_4034_frame_3950.jpg;2591_0_3870_4034_frame_4034.jpg,
2617_0_3898_3991,2617,0,3898,3991,88,2617_0_3898_3991_frame_3898.jpg;2617_0_3898_3991_frame_3941.jpg;2617_0_3898_3991_frame_3991.jpg,
2673_0_3969_3976,2673,0,3969,3976,6,2673_0_3969_3976_frame_3969.jpg;2673_0_3969_3976_frame_3971.jpg;2673_0_3969_3976_frame_3976.jpg,
2673_0_4008_4034,2673,0,4008,4034,27,2673_0_4008_4034_frame_4008.jpg;2673_0_4008_4034_frame_4021.jpg;2673_0_4008_4034_frame_4034.jpg,
2675_0_3970_3988,2675,0,3970,3988,18,2675_0_3970_3988_frame_3970.jpg;2675_0_3970_3988_frame_3979.jpg;2675_0_3970_3988_frame_3988.jpg,
2675_0_4004_4024,2675,0,4004,4024,20,2675_0_4004_4024_frame_4004.jpg;2675_0_4004_4024_frame_4013.jpg;2675_0_4004_4024_frame_4024.jpg,
2678_0_3974_3986,2678,0,3974,3986,6,2678_0_3974_3986_frame_3974.jpg;2678_0_3974_3986_frame_3979.jpg;2678_0_3974_3986_frame_3986.jpg,
2698_0_3996_4034,2698,0,3996,4034,39,2698_0_3996_4034_frame_3996.jpg;2698_0_3996_4034_frame_4015.jpg;2698_0_3996_4034_frame_4034.jpg,
2723_0_4027_4034,2723,0,4027,4034,8,2723_0_4027_4034_frame_4027.jpg;2723_0_4027_4034_frame_4030.jpg;2723_0_4027_4034_frame_4034.jpg,